,spectral irradiance,wavelength
0,0.8320436126157205,3.8888500800000003e-07
1,0.9130376319691434,3.8914255883600004e-07
2,0.9107231847289764,3.8940010967200005e-07
3,0.8985589126206912,3.8965766050800006e-07
4,0.8685618507480446,3.89915211344e-07
5,0.841036034582308,3.9017276218e-07
6,0.8297691412090807,3.9043031301600004e-07
7,0.8370106127647369,3.9068786385200004e-07
8,0.8048666823830696,3.9094541468800005e-07
9,0.7069815076677154,3.9120296552400006e-07
10,0.6058257791038824,3.9146051636000007e-07
11,0.5557846507143147,3.917180671960001e-07
12,0.5582583538312578,3.9197561803200004e-07
13,0.5978777150543757,3.9223316886800005e-07
14,0.6567940654502853,3.9249071970400006e-07
15,0.7379557349005071,3.9274827054000006e-07
16,0.8121873152542144,3.930058213760001e-07
17,0.8491929280991485,3.932633722120001e-07
18,0.8621095349269551,3.935209230480001e-07
19,0.8717481161377172,3.9377847388400005e-07
20,0.8919813337794585,3.9403602472e-07
21,0.8838442295098556,3.94293575556e-07
22,0.8404278357605307,3.94551126392e-07
23,0.7540899693185606,3.9480867722800003e-07
24,0.6478313617766013,3.9506622806400004e-07
25,0.5946955216071368,3.9532377890000005e-07
26,0.6071213551926814,3.9558132973600006e-07
27,0.6797822167205934,3.9583888057200007e-07
28,0.797498428547564,3.96096431408e-07
29,0.908380444730486,3.9635398224400003e-07
30,0.9580173036979754,3.9661153308000004e-07
31,0.974918068755777,3.9686908391600005e-07
32,0.9716027478414094,3.9712663475200006e-07
33,0.9911446935547217,3.9738418558800007e-07
34,0.9886661038398165,3.976417364240001e-07
35,1.0,3.978992872600001e-07
36,0.9957174182775532,3.9815683809600005e-07
37,0.9927633626354647,3.9841438893200005e-07
38,0.9820860467741959,3.9867193976800006e-07
39,0.9619260640363931,3.9892949060400007e-07
40,0.957969234525037,3.9918704144000003e-07
41,0.943657049130552,3.9944459227600004e-07
42,0.9559131339003089,3.9970214311200005e-07
43,0.972739234890116,3.9995969394800006e-07
44,0.96549267498613,4.00217244784e-07
45,0.9672505457203232,4.0047479562e-07
46,0.9629626359342558,4.0073234645600003e-07
47,0.9551650634994114,4.0098989729200004e-07
48,0.9477042692416903,4.0124744812800005e-07
49,0.9165339121089082,4.0150499896400006e-07
50,0.8685248758413316,4.0176254980000007e-07
51,0.8720245896155998,4.020201006360001e-07
52,0.875196858824926,4.0227765147200003e-07
53,0.8984359417716096,4.0253520230800004e-07
54,0.8714115186088414,4.0279275314400005e-07
55,0.8027310632724866,4.0305030398000006e-07
56,0.7860685076207804,4.0330785481600007e-07
57,0.8171438525867741,4.035654056520001e-07
58,0.8350800389652896,4.038229564880001e-07
59,0.8135485137494128,4.040805073240001e-07
60,0.7911662900202242,4.0433805816000005e-07
61,0.7846539665225718,4.04595608996e-07
62,0.7631951803867192,4.04853159832e-07
63,0.7447921623017737,4.0511071066800003e-07
64,0.7675133217691248,4.0536826150400004e-07
65,0.7826709433560641,4.0562581234000005e-07
66,0.7770149093343505,4.0588336317600005e-07
67,0.7608922324640321,4.0614091401200006e-07
68,0.7454669589982187,4.06398464848e-07
69,0.7625515506802498,4.0665601568400003e-07
70,0.7809305608767817,4.0691356652000004e-07
71,0.7757366586744248,4.0717111735600005e-07
72,0.7944863218863799,4.0742866819200006e-07
73,0.8177968937948301,4.0768621902800007e-07
74,0.8019659147679626,4.079437698640001e-07
75,0.7678881081359817,4.082013207000001e-07
76,0.7248669360672512,4.0845887153600004e-07
77,0.6644172193646926,4.0871642237200005e-07
78,0.6463570670978265,4.0897397320800006e-07
79,0.7020625960666607,4.0923152404400007e-07
80,0.7487675292902182,4.094890748800001e-07
81,0.7643281913906858,4.097466257160001e-07
82,0.7872366202967142,4.100041765520001e-07
83,0.8130553544352007,4.102617273880001e-07
84,0.8019316298988836,4.10519278224e-07
85,0.7690010329067823,4.1077682906e-07
86,0.7725949171945735,4.11034379896e-07
87,0.7490486093527284,4.1129193073200004e-07
88,0.7199507907113091,4.1154948156800004e-07
89,0.6899483226430134,4.1180703240400005e-07
90,0.6643137045902229,4.1206458324000006e-07
91,0.6992994621977262,4.1232213407600007e-07
92,0.7359513248484754,4.1257968491200003e-07
93,0.7065627819659046,4.1283723574800004e-07
94,0.6664852621271948,4.1309478658400005e-07
95,0.6767853729286482,4.1335233742000006e-07
96,0.69625236625582,4.1360988825600006e-07
97,0.6904823702424938,4.138674390920001e-07
98,0.666660438334237,4.141249899280001e-07
99,0.6477253590476536,4.143825407640001e-07
100,0.6720638971462295,4.1464009160000005e-07
101,0.7032822372928393,4.1489764243600006e-07
102,0.7121903684369358,4.1515519327200007e-07
103,0.6927589203185405,4.154127441080001e-07
104,0.670781552963015,4.156702949440001e-07
105,0.6394567144985429,4.1592784578000004e-07
106,0.614526481655592,4.1618539661600005e-07
107,0.6206537874321695,4.16442947452e-07
108,0.6381767017760936,4.16700498288e-07
109,0.6359145337590922,4.16958049124e-07
110,0.6236008080817329,4.1721559996000003e-07
111,0.6114876554512042,4.1747315079600004e-07
112,0.6184311734172939,4.1773070163200005e-07
113,0.6572044330160021,4.1798825246800006e-07
114,0.6477581067776105,4.1824580330400007e-07
115,0.5953667222270672,4.185033541400001e-07
116,0.5746855439019306,4.1876090497600004e-07
117,0.588004952418132,4.1901845581200004e-07
118,0.6231883003995745,4.1927600664800005e-07
119,0.652927824304254,4.1953355748400006e-07
120,0.6443644972685422,4.1979110832000007e-07
121,0.6582893685115808,4.200486591560001e-07
122,0.6393694081525639,4.203062099920001e-07
123,0.6251169871259527,4.2056376082800005e-07
124,0.6506963927267372,4.2082131166400006e-07
125,0.6366148907219522,4.2107886250000007e-07
126,0.5436092638606096,4.21336413336e-07
127,0.5249723517614683,4.2159396417200003e-07
128,0.6151530028073549,4.2185151500800004e-07
129,0.6341571722028316,4.2210906584400005e-07
130,0.5913851872785133,4.2236661668000006e-07
131,0.5784162946179516,4.2262416751600007e-07
132,0.6100709129476106,4.22881718352e-07
133,0.6222870221008605,4.2313926918800003e-07
134,0.6210891571231232,4.2339682002400004e-07
135,0.5822487136487954,4.2365437086000005e-07
136,0.5764571623141351,4.2391192169600006e-07
137,0.5917593003796315,4.2416947253200007e-07
138,0.5995603271886494,4.244270233680001e-07
139,0.5936238565310037,4.2468457420400003e-07
140,0.5705568379155422,4.2494212504000004e-07
141,0.616991363074868,4.2519967587600005e-07
142,0.6451409796233281,4.2545722671200006e-07
143,0.6069870088236781,4.2571477754800007e-07
144,0.5283867742007372,4.259723283840001e-07
145,0.5089179434431894,4.262298792200001e-07
146,0.5634318051226203,4.264874300560001e-07
147,0.601340751561113,4.267449808920001e-07
148,0.5729192451510572,4.27002531728e-07
149,0.5597224748158285,4.27260082564e-07
150,0.5143681194728125,4.2751763340000003e-07
151,0.4912292394246595,4.2777518423600004e-07
152,0.4922041115069393,4.2803273507200005e-07
153,0.5081763825162423,4.2829028590800006e-07
154,0.5041219938262502,4.2854783674400007e-07
155,0.43871872794534905,4.2880538758e-07
156,0.4068589319620727,4.2906293841600003e-07
157,0.42205448304091886,4.2932048925200004e-07
158,0.4071959930135813,4.2957804008800005e-07
159,0.38902316976965806,4.2983559092400006e-07
160,0.4351083207351253,4.3009314176000007e-07
161,0.5368710925581551,4.303506925960001e-07
162,0.6397489388274679,4.306082434320001e-07
163,0.6679326924018089,4.308657942680001e-07
164,0.602520442964258,4.3112334510400005e-07
165,0.5155987100479771,4.3138089594000006e-07
166,0.5482742067179207,4.3163844677600007e-07
167,0.6370927928279597,4.318959976120001e-07
168,0.6533751753519623,4.321535484480001e-07
169,0.6453862608291143,4.324110992840001e-07
170,0.5738173985515596,4.3266865012000005e-07
171,0.4868021420796259,4.32926200956e-07
172,0.5179937497023517,4.33183751792e-07
173,0.6001906033263111,4.3344130262800003e-07
174,0.6429057332496699,4.3369885346400004e-07
175,0.6213619868976458,4.3395640430000005e-07
176,0.5899088070144781,4.3421395513600006e-07
177,0.6212300357524059,4.3447150597200006e-07
178,0.6422499621522333,4.3472905680800007e-07
179,0.6591250757144591,4.349866076440001e-07
180,0.6547953637425594,4.3524415848000004e-07
181,0.6329966477142641,4.3550170931600005e-07
182,0.6005762047017098,4.3575926015200006e-07
183,0.5990491591489194,4.3601681098800007e-07
184,0.5942517722116795,4.362743618240001e-07
185,0.5845921275734693,4.365319126600001e-07
186,0.6067666350224431,4.367894634960001e-07
187,0.5929135077097591,4.3704701433200005e-07
188,0.5009996786791119,4.3730456516800006e-07
189,0.4946343382741681,4.3756211600400007e-07
190,0.5541159360830004,4.378196668400001e-07
191,0.5543945782997457,4.3807721767600003e-07
192,0.557884037005739,4.3833476851200004e-07
193,0.5823326632478236,4.3859231934800005e-07
194,0.588836047159717,4.38849870184e-07
195,0.5661732673389354,4.3910742102e-07
196,0.5392780069676558,4.39364971856e-07
197,0.5361858871342333,4.3962252269200004e-07
198,0.5838622073643017,4.3988007352800004e-07
199,0.6241389351405771,4.4013762436400005e-07
200,0.6029864459098749,4.4039517520000006e-07
201,0.5775559764593506,4.4065272603600007e-07
202,0.6147695317165145,4.409102768720001e-07
203,0.6277738376501399,4.4116782770800004e-07
204,0.6009751559084157,4.4142537854400005e-07
205,0.6105345206956041,4.4168292938000006e-07
206,0.6081173351324086,4.4194048021600006e-07
207,0.5984681173206047,4.421980310520001e-07
208,0.5810087057533686,4.424555818880001e-07
209,0.5895827415774815,4.427131327240001e-07
210,0.6064956742592829,4.4297068356000005e-07
211,0.579667128527711,4.4322823439600006e-07
212,0.5824551995127913,4.43485785232e-07
213,0.5993028926031323,4.43743336068e-07
214,0.6026978800869729,4.4400088690400003e-07
215,0.5850607806030576,4.4425843774000004e-07
216,0.5540312711966149,4.4451598857600005e-07
217,0.5410308516233974,4.4477353941200006e-07
218,0.5468444090964195,4.4503109024800007e-07
219,0.5710182975050904,4.45288641084e-07
220,0.5930616608933993,4.4554619192000003e-07
221,0.5932153329420579,4.4580374275600004e-07
222,0.6046089772730034,4.4606129359200005e-07
223,0.6328953692964464,4.4631884442800006e-07
224,0.6329567475249195,4.4657639526400007e-07
225,0.6132394340461809,4.468339461000001e-07
226,0.573284709662224,4.4709149693600004e-07
227,0.5698680974528553,4.4734904777200005e-07
228,0.6090600152185445,4.4760659860800005e-07
229,0.5962043292888659,4.4786414944400006e-07
230,0.5867673075078031,4.4812170028000007e-07
231,0.5954346154205556,4.483792511160001e-07
232,0.5990448012250511,4.486368019520001e-07
233,0.6061869876527625,4.488943527880001e-07
234,0.6135630788359873,4.491519036240001e-07
235,0.6219401207715896,4.4940945446e-07
236,0.6312303225482635,4.49667005296e-07
237,0.6138813930708661,4.4992455613200003e-07
238,0.6133324788465014,4.5018210696800004e-07
239,0.593868317168702,4.5043965780400005e-07
240,0.5919027057636016,4.5069720864000006e-07
241,0.5900523055085168,4.5095475947600007e-07
242,0.5995883696843852,4.51212310312e-07
243,0.5917477420489693,4.5146986114800003e-07
244,0.5651736647196948,4.5172741198400004e-07
245,0.536264655729229,4.5198496282000005e-07
246,0.5432779830913806,4.5224251365600006e-07
247,0.5411606657430025,4.5250006449200007e-07
248,0.5666418928781753,4.527576153280001e-07
249,0.5921953272688106,4.530151661640001e-07
250,0.597933381054697,4.532727170000001e-07
251,0.598433656017623,4.5353026783600005e-07
252,0.5728262911549737,4.5378781867200006e-07
253,0.5600177299090341,4.5404536950800007e-07
254,0.5652778852836724,4.543029203440001e-07
255,0.565137530268185,4.545604711800001e-07
256,0.5712928669591759,4.5481802201600005e-07
257,0.5950114108655574,4.5507557285200005e-07
258,0.5818344450992416,4.55333123688e-07
259,0.570614582324625,4.55590674524e-07
260,0.572809577708052,4.5584822536000003e-07
261,0.5747727180390582,4.5610577619600004e-07
262,0.5754605732170058,4.5636332703200005e-07
263,0.580949231555913,4.5662087786800006e-07
264,0.5702269818078118,4.5687842870400007e-07
265,0.5557587078738745,4.5713597954e-07
266,0.5411805244246818,4.573935303760001e-07
267,0.538825480398481,4.5765108121200004e-07
268,0.5476212396386051,4.5790863204800005e-07
269,0.5560505768378374,4.5816618288400006e-07
270,0.551281421113741,4.5842373372000007e-07
271,0.5458815923801043,4.586812845560001e-07
272,0.536891329191713,4.589388353920001e-07
273,0.5365710454271516,4.591963862280001e-07
274,0.536251436372216,4.5945393706400005e-07
275,0.542134701964532,4.5971148790000006e-07
276,0.5565346519038391,4.5996903873600007e-07
277,0.5563191115150269,4.60226589572e-07
278,0.5478726717201391,4.6048414040800004e-07
279,0.5461430635331983,4.6074169124400004e-07
280,0.5462417267973103,4.6099924208000005e-07
281,0.5451273542331865,4.61256792916e-07
282,0.5521962544890696,4.6151434375200007e-07
283,0.5446327054008342,4.6177189458800003e-07
284,0.5404920915706417,4.6202944542400004e-07
285,0.5343227394065448,4.6228699626000005e-07
286,0.5310024138065038,4.6254454709600006e-07
287,0.5267018780045669,4.6280209793200006e-07
288,0.5230963810962139,4.630596487680001e-07
289,0.5305616846406066,4.633171996040001e-07
290,0.5300745928858288,4.6357475044000004e-07
291,0.5116281609971824,4.6383230127600005e-07
292,0.5058699815064692,4.6408985211200006e-07
293,0.5190243779366523,4.6434740294800007e-07
294,0.5223831411687557,4.646049537840001e-07
295,0.5245298870012539,4.648625046200001e-07
296,0.5421520942943963,4.651200554560001e-07
297,0.5383391937598014,4.6537760629200005e-07
298,0.5095512276115377,4.656351571280001e-07
299,0.48411894176649817,4.65892707964e-07
300,0.49414448537660793,4.661502588e-07
301,0.5103960438323687,4.6640780963600003e-07
302,0.51062586829267,4.6666536047200004e-07
303,0.5077788149377036,4.6692291130800005e-07
304,0.4977561501015696,4.6718046214400006e-07
305,0.502877406672394,4.6743801298000007e-07
306,0.5020708417833788,4.6769556381600003e-07
307,0.5043970957560799,4.6795311465200004e-07
308,0.5047833637247212,4.6821066548800005e-07
309,0.503307725249133,4.6846821632400005e-07
310,0.5109940084597742,4.6872576716000006e-07
311,0.49839460382949236,4.6898331799600007e-07
312,0.4886827061174768,4.692408688320001e-07
313,0.48684914931976686,4.6949841966800004e-07
314,0.4865330335210851,4.697559705040001e-07
315,0.4862053931698186,4.7001352134000006e-07
316,0.48341535061535784,4.7027107217600007e-07
317,0.48875968660667285,4.705286230120001e-07
318,0.49167750635365526,4.707861738480001e-07
319,0.5062337672605087,4.710437246840001e-07
320,0.5091355281568046,4.713012755200001e-07
321,0.5139551969477194,4.7155882635600006e-07
322,0.5082850804825174,4.71816377192e-07
323,0.48194566473415423,4.72073928028e-07
324,0.4777177907492024,4.7233147886400003e-07
325,0.4879059331808261,4.7258902970000004e-07
326,0.47851230401616895,4.7284658053600005e-07
327,0.4787245318519355,4.7310413137200006e-07
328,0.48593905803089443,4.7336168220800007e-07
329,0.48981268843593406,4.73619233044e-07
330,0.4868914334530221,4.738767838800001e-07
331,0.4858492427791251,4.7413433471600004e-07
332,0.48500018530986494,4.7439188555200005e-07
333,0.4739700474245569,4.7464943638800006e-07
334,0.4747965702359885,4.7490698722400007e-07
335,0.4832527553650793,4.751645380600001e-07
336,0.4725400703418594,4.754220888960001e-07
337,0.4635039816012086,4.756796397320001e-07
338,0.46056787290229706,4.7593719056800005e-07
339,0.47262814528456537,4.7619474140400006e-07
340,0.4769682852600442,4.7645229224000007e-07
341,0.47776571649891625,4.767098430760001e-07
342,0.4905515569335035,4.769673939120001e-07
343,0.4885897053170455,4.772249447480001e-07
344,0.4774626481024128,4.774824955840001e-07
345,0.4689248856891502,4.7774004642e-07
346,0.4693528449479552,4.779975972560001e-07
347,0.46707857398929065,4.78255148092e-07
348,0.474611786395141,4.78512698928e-07
349,0.4833135390723938,4.78770249764e-07
350,0.482990046323577,4.790278006000001e-07
351,0.476256594363564,4.792853514360001e-07
352,0.4827180969259547,4.795429022720001e-07
353,0.48154915119884506,4.798004531080001e-07
354,0.4740415009647553,4.80058003944e-07
355,0.47554077794957733,4.8031555478e-07
356,0.4781946010543192,4.80573105616e-07
357,0.4821565921588332,4.80830656452e-07
358,0.48672395381848754,4.81088207288e-07
359,0.4831680461425974,4.81345758124e-07
360,0.4696101499273968,4.8160330896e-07
361,0.470057106317048,4.818608597960001e-07
362,0.47556691327263273,4.821184106320001e-07
363,0.47095936694731344,4.823759614680001e-07
364,0.4718543232798174,4.826335123040001e-07
365,0.4715504528130306,4.828910631400001e-07
366,0.45447928532178583,4.831486139760001e-07
367,0.4367700020684592,4.834061648120001e-07
368,0.4374295217415879,4.836637156480001e-07
369,0.4424618676560893,4.839212664840001e-07
370,0.4444091647474694,4.8417881732e-07
371,0.4499796292899864,4.84436368156e-07
372,0.43215479711175253,4.84693918992e-07
373,0.41880180012839474,4.849514698280001e-07
374,0.3835636468702025,4.852090206640001e-07
375,0.3486368926633705,4.854665715000001e-07
376,0.3700502483877798,4.857241223360001e-07
377,0.40226226787430397,4.85981673172e-07
378,0.4190667193108516,4.862392240080001e-07
379,0.4111186803388107,4.86496774844e-07
380,0.4175841687108432,4.8675432568e-07
381,0.4286895682219841,4.87011876516e-07
382,0.44471813338723165,4.87269427352e-07
383,0.44871359072138356,4.87526978188e-07
384,0.43581250460920506,4.87784529024e-07
385,0.42346223007163286,4.880420798600001e-07
386,0.40969747977852106,4.882996306960001e-07
387,0.4152027146357529,4.885571815320001e-07
388,0.43305448012434405,4.888147323680001e-07
389,0.4503981311248245,4.890722832040001e-07
390,0.4416260187212686,4.893298340400001e-07
391,0.42468910370107177,4.895873848760001e-07
392,0.4213134272934276,4.898449357120001e-07
393,0.42810021945374166,4.90102486548e-07
394,0.42429070851006273,4.90360037384e-07
395,0.4310973728557996,4.9061758822e-07
396,0.43399063572426355,4.908751390560001e-07
397,0.4102756752009625,4.911326898920001e-07
398,0.381442883137674,4.913902407280001e-07
399,0.3868745311826161,4.916477915640001e-07
400,0.4033421332539367,4.919053424e-07
401,0.42052209328383616,4.921628932360001e-07
402,0.4247883663604112,4.92420444072e-07
403,0.42243238975893954,4.92677994908e-07
404,0.4073136031785165,4.92935545744e-07
405,0.3945839245391883,4.9319309658e-07
406,0.3979721103424445,4.93450647416e-07
407,0.41367509931342716,4.93708198252e-07
408,0.42229513803984053,4.939657490880001e-07
409,0.4203820780223363,4.942232999240001e-07
410,0.41879682355316844,4.944808507600001e-07
411,0.41657418329993284,4.947384015960001e-07
412,0.39224155341948036,4.949959524320001e-07
413,0.39431186349140995,4.952535032680001e-07
414,0.404800779410101,4.955110541040001e-07
415,0.4040330944510432,4.957686049400001e-07
416,0.39431054170746616,4.96026155776e-07
417,0.39363130180107836,4.962837066120001e-07
418,0.3997676065390302,4.96541257448e-07
419,0.40406790730384096,4.967988082840001e-07
420,0.4035030530161145,4.970563591200001e-07
421,0.3936142898626972,4.973139099560001e-07
422,0.37435373990575915,4.975714607920001e-07
423,0.3641752989501415,4.978290116280001e-07
424,0.3684926845843307,4.980865624640001e-07
425,0.3790581924631108,4.983441133e-07
426,0.38548595299914246,4.98601664136e-07
427,0.38700656751706886,4.98859214972e-07
428,0.3823513445690305,4.99116765808e-07
429,0.37250386374296085,4.99374316644e-07
430,0.3652242849167002,4.9963186748e-07
431,0.357933567173571,4.998894183160001e-07
432,0.359334926551118,5.001469691520001e-07
433,0.3713120856670905,5.004045199880001e-07
434,0.3641625153533531,5.006620708240001e-07
435,0.35602414649943076,5.009196216600001e-07
436,0.34835474662748556,5.011771724960001e-07
437,0.3461461076066866,5.014347233320001e-07
438,0.3489745907116613,5.016922741680001e-07
439,0.349805826335204,5.01949825004e-07
440,0.3559692078671991,5.0220737584e-07
441,0.35960877232542227,5.02464926676e-07
442,0.3647914662774672,5.027224775120001e-07
443,0.35528596508524113,5.029800283480001e-07
444,0.34233675437742767,5.032375791840001e-07
445,0.330082797653695,5.034951300200001e-07
446,0.3357321794274027,5.037526808560001e-07
447,0.3513859453371175,5.040102316920001e-07
448,0.35043147730006846,5.04267782528e-07
449,0.3454537773559509,5.045253333640001e-07
450,0.3454815407970012,5.047828842e-07
451,0.3509640102718681,5.05040435036e-07
452,0.352788593875629,5.05297985872e-07
453,0.35676020856716567,5.05555536708e-07
454,0.3462669055993312,5.058130875440001e-07
455,0.33944915496784045,5.060706383800001e-07
456,0.3439100516596715,5.063281892160001e-07
457,0.3444034198603035,5.065857400520001e-07
458,0.34597497102855834,5.068432908880001e-07
459,0.3455390087922674,5.071008417240001e-07
460,0.33151747028002926,5.0735839256e-07
461,0.323201993978455,5.07615943396e-07
462,0.3318888871273039,5.07873494232e-07
463,0.3426462501500003,5.08131045068e-07
464,0.3479688396938582,5.08388595904e-07
465,0.3476216973509631,5.0864614674e-07
466,0.3514425738047708,5.089036975760001e-07
467,0.3379455857044057,5.091612484120001e-07
468,0.33271318255422244,5.094187992480001e-07
469,0.338996161113245,5.096763500840001e-07
470,0.3396865789770769,5.099339009200001e-07
471,0.33506728371612293,5.101914517560001e-07
472,0.3317346976977962,5.104490025920001e-07
473,0.3404110991833647,5.10706553428e-07
474,0.3443765023357148,5.10964104264e-07
475,0.3514085637795847,5.112216551e-07
476,0.34621632643348715,5.11479205936e-07
477,0.3310507472833694,5.117367567720001e-07
478,0.32403771395747843,5.119943076080001e-07
479,0.3221318818009468,5.122518584440001e-07
480,0.32583795542096294,5.125094092800001e-07
481,0.3279555020235184,5.127669601160001e-07
482,0.3276844423700338,5.13024510952e-07
483,0.3198179248256691,5.132820617880001e-07
484,0.31192253991023533,5.13539612624e-07
485,0.31767711912426955,5.137971634600001e-07
486,0.31561015883092686,5.14054714296e-07
487,0.31628280115800567,5.14312265132e-07
488,0.31895933372643753,5.14569815968e-07
489,0.3186159181665428,5.148273668040001e-07
490,0.3230942185906321,5.150849176400001e-07
491,0.33310934217214816,5.153424684760001e-07
492,0.3385473233528369,5.156000193120001e-07
493,0.32004563628461247,5.158575701480001e-07
494,0.2752284933652482,5.16115120984e-07
495,0.2674493952996685,5.163726718200001e-07
496,0.2612372660403817,5.16630222656e-07
497,0.2742675936587884,5.168877734920001e-07
498,0.31674117679622527,5.17145324328e-07
499,0.3212885602495304,5.174028751640002e-07
500,0.29326351735953526,5.176604260000001e-07
501,0.2658446537813197,5.179179768360001e-07
502,0.2879514501162364,5.181755276720001e-07
503,0.30782336114152775,5.18433078508e-07
504,0.3011572791230826,5.186906293440001e-07
505,0.2992851652703175,5.1894818018e-07
506,0.3035680730487138,5.192057310160001e-07
507,0.31240633672995227,5.19463281852e-07
508,0.31612428059714553,5.19720832688e-07
509,0.30553849028297514,5.19978383524e-07
510,0.2936439623763889,5.202359343600001e-07
511,0.2977509299932422,5.20493485196e-07
512,0.31206447404606596,5.207510360320001e-07
513,0.3055095664049921,5.210085868680001e-07
514,0.30551055871235777,5.212661377040001e-07
515,0.3162376210181579,5.2152368854e-07
516,0.3154976274822058,5.217812393760001e-07
517,0.3000951186613078,5.220387902120001e-07
518,0.29248785580931014,5.222963410480001e-07
519,0.2987529169961574,5.22553891884e-07
520,0.29544812581900526,5.228114427200001e-07
521,0.2989774125366911,5.23068993556e-07
522,0.30937341347199765,5.23326544392e-07
523,0.31476067000361685,5.23584095228e-07
524,0.3135935060651698,5.238416460640002e-07
525,0.3083876265356829,5.240991969000001e-07
526,0.30267299123257446,5.24356747736e-07
527,0.29727350917036033,5.246142985720001e-07
528,0.2965181132319025,5.24871849408e-07
529,0.3016800596543656,5.251294002440001e-07
530,0.3088096749203622,5.2538695108e-07
531,0.2975366701614815,5.256445019160001e-07
532,0.2762708858850609,5.25902052752e-07
533,0.26654272142565555,5.26159603588e-07
534,0.26199214204239735,5.26417154424e-07
535,0.2643675377002638,5.266747052600001e-07
536,0.27743416319068537,5.269322560960001e-07
537,0.28408506908594805,5.271898069320001e-07
538,0.2925150488448938,5.274473577680001e-07
539,0.28491127082563666,5.277049086040001e-07
540,0.2827486525219037,5.2796245944e-07
541,0.2930868238834897,5.282200102760001e-07
542,0.29930237921306935,5.28477561112e-07
543,0.3036195779000272,5.287351119480001e-07
544,0.301284792023275,5.28992662784e-07
545,0.28459806586165626,5.292502136200001e-07
546,0.28142885823688873,5.29507764456e-07
547,0.28486373530169745,5.29765315292e-07
548,0.29000901434675863,5.300228661280001e-07
549,0.2999780694679395,5.302804169640001e-07
550,0.3008006020922953,5.305379678000001e-07
551,0.29611644740246174,5.30795518636e-07
552,0.2923237883886776,5.310530694720001e-07
553,0.2913331159299477,5.31310620308e-07
554,0.28994094213470006,5.31568171144e-07
555,0.28425783943003013,5.3182572198e-07
556,0.27380789991817667,5.320832728160001e-07
557,0.26542756527085964,5.32340823652e-07
558,0.2666709633425667,5.325983744880001e-07
559,0.2806716004314607,5.328559253240001e-07
560,0.28430305978105497,5.331134761600001e-07
561,0.2828555056222969,5.333710269960001e-07
562,0.2783576197171089,5.336285778320001e-07
563,0.27784332228965747,5.338861286680001e-07
564,0.2807988167343815,5.341436795040001e-07
565,0.2771320433679956,5.3440123034e-07
566,0.2810626944857645,5.346587811760001e-07
567,0.2862403564329702,5.34916332012e-07
568,0.2944584823487939,5.351738828480001e-07
569,0.2952553992941853,5.35431433684e-07
570,0.290848992280393,5.356889845200001e-07
571,0.28512882857737565,5.359465353560001e-07
572,0.2762774997976741,5.36204086192e-07
573,0.2703270913164092,5.364616370280001e-07
574,0.26538762011653616,5.36719187864e-07
575,0.277667876945485,5.369767387000001e-07
576,0.28683472867214604,5.37234289536e-07
577,0.28349952666891354,5.374918403720001e-07
578,0.2782274656547574,5.37749391208e-07
579,0.27859336767428433,5.38006942044e-07
580,0.2821797524590963,5.3826449288e-07
581,0.280179084925535,5.385220437160002e-07
582,0.2736825126964208,5.387795945520001e-07
583,0.27042799585210753,5.390371453880001e-07
584,0.26903179904338487,5.392946962240001e-07
585,0.2685292633295561,5.395522470600001e-07
586,0.268525102283137,5.39809797896e-07
587,0.2606820468162438,5.400673487320001e-07
588,0.25996946737123966,5.403248995680001e-07
589,0.2632295988924474,5.405824504040001e-07
590,0.2645351276122888,5.4084000124e-07
591,0.26775892307549437,5.41097552076e-07
592,0.27182781682664625,5.41355102912e-07
593,0.2711197778289049,5.416126537480001e-07
594,0.2653893840639623,5.418702045840001e-07
595,0.26739761603678486,5.421277554200001e-07
596,0.2662502664457252,5.423853062560001e-07
597,0.2627204849379702,5.42642857092e-07
598,0.2601911959880412,5.429004079280001e-07
599,0.25853109744886893,5.43157958764e-07
600,0.26841398700311636,5.434155096000001e-07
601,0.2734572890021366,5.43673060436e-07
602,0.2719121205468413,5.439306112720001e-07
603,0.26185159402243724,5.44188162108e-07
604,0.25963896408501574,5.44445712944e-07
605,0.26825639071269475,5.447032637800001e-07
606,0.2657154615181978,5.449608146160001e-07
607,0.2589989396186396,5.452183654520001e-07
608,0.26330441350544703,5.454759162880001e-07
609,0.26334963736507033,5.457334671240001e-07
610,0.2579516192728768,5.459910179600001e-07
611,0.2636126518692559,5.46248568796e-07
612,0.2663983428973236,5.46506119632e-07
613,0.2679016118219451,5.467636704680001e-07
614,0.25960128482187994,5.47021221304e-07
615,0.2524261765710874,5.4727877214e-07
616,0.2516935635989851,5.475363229760001e-07
617,0.25687418006756846,5.477938738120001e-07
618,0.26193652730924283,5.48051424648e-07
619,0.26084753365468866,5.483089754840001e-07
620,0.2618818173055268,5.485665263200001e-07
621,0.2620211716007238,5.488240771560001e-07
622,0.2629495536288668,5.49081627992e-07
623,0.26349044620129913,5.493391788280001e-07
624,0.2621690642951703,5.49596729664e-07
625,0.2598040065431735,5.498542805000001e-07
626,0.25832245066194287,5.50111831336e-07
627,0.2591649210687776,5.503693821720002e-07
628,0.2581993630357146,5.506269330080001e-07
629,0.2548556407171113,5.508844838440001e-07
630,0.25843584128306274,5.511420346800001e-07
631,0.26328423710289106,5.513995855160001e-07
632,0.2641859067604125,5.516571363520001e-07
633,0.2644577376682194,5.51914687188e-07
634,0.2592478940677094,5.521722380240001e-07
635,0.24990261160847865,5.5242978886e-07
636,0.2531739657847704,5.52687339696e-07
637,0.2561653342213966,5.52944890532e-07
638,0.2564768288983512,5.53202441368e-07
639,0.2588325792579772,5.534599922040001e-07
640,0.2584728602385052,5.537175430400001e-07
641,0.2570695094854304,5.539750938760001e-07
642,0.25674145328309333,5.542326447120001e-07
643,0.25984075597899675,5.54490195548e-07
644,0.2614602389371208,5.547477463840001e-07
645,0.2564263905435633,5.5500529722e-07
646,0.2527889762609645,5.552628480560001e-07
647,0.2542221575116564,5.55520398892e-07
648,0.2534062241614175,5.557779497280001e-07
649,0.2500957464290584,5.56035500564e-07
650,0.24866052487115797,5.562930514e-07
651,0.2457951649279075,5.565506022360001e-07
652,0.2433226173450952,5.568081530720002e-07
653,0.24424468556487866,5.570657039080001e-07
654,0.24730703612891,5.57323254744e-07
655,0.2492958042762521,5.575808055800001e-07
656,0.2491298774854178,5.57838356416e-07
657,0.24382394359866774,5.58095907252e-07
658,0.2324532018299973,5.58353458088e-07
659,0.2304016121223696,5.586110089240001e-07
660,0.23667401675863758,5.5886855976e-07
661,0.23813397726439905,5.59126110596e-07
662,0.2406974324441425,5.593836614320001e-07
663,0.23454415627282277,5.596412122680001e-07
664,0.23278542070219588,5.598987631040001e-07
665,0.23770740640483617,5.601563139400001e-07
666,0.24523481111586676,5.604138647760001e-07
667,0.2485696017922615,5.606714156120001e-07
668,0.24196506342490057,5.60928966448e-07
669,0.23229461605574037,5.611865172840001e-07
670,0.2296982494096312,5.6144406812e-07
671,0.2353173156077752,5.617016189560001e-07
672,0.23452106151963695,5.61959169792e-07
673,0.23242522619735206,5.622167206280002e-07
674,0.23453110961655238,5.624742714640001e-07
675,0.23884534105842717,5.627318223e-07
676,0.237563811067676,5.629893731360001e-07
677,0.2296150918684071,5.63246923972e-07
678,0.2284883759318624,5.635044748080001e-07
679,0.22800306004957074,5.63762025644e-07
680,0.23011291533146025,5.640195764800001e-07
681,0.23063080774637817,5.64277127316e-07
682,0.23055274310356952,5.64534678152e-07
683,0.2303507075947696,5.64792228988e-07
684,0.22789071320023377,5.650497798240001e-07
685,0.22268523329148143,5.6530733066e-07
686,0.22075510753513045,5.655648814960001e-07
687,0.22112453685093347,5.658224323320001e-07
688,0.22355737023022923,5.660799831680001e-07
689,0.22543591427876417,5.66337534004e-07
690,0.22662836499599118,5.665950848400001e-07
691,0.22560476749021757,5.668526356760001e-07
692,0.22833017701940728,5.671101865120001e-07
693,0.22902526403069387,5.67367737348e-07
694,0.2242950053064827,5.676252881840001e-07
695,0.22256114951333922,5.6788283902e-07
696,0.2174741905243472,5.681403898560002e-07
697,0.21548370966811892,5.683979406920001e-07
698,0.21373895085715028,5.686554915280002e-07
699,0.21602703137913806,5.689130423640001e-07
700,0.21824423180728303,5.691705932e-07
701,0.21764689620982525,5.694281440360001e-07
702,0.21402975740654434,5.69685694872e-07
703,0.21408396197611027,5.699432457080001e-07
704,0.21155269970820542,5.70200796544e-07
705,0.20737806801647782,5.704583473800001e-07
706,0.20436037391720874,5.70715898216e-07
707,0.20428995487174081,5.70973449052e-07
708,0.21061790783081058,5.71230999888e-07
709,0.21262961094787305,5.714885507240001e-07
710,0.21191941773784922,5.717461015600001e-07
711,0.21240017389177807,5.720036523960001e-07
712,0.21303885283897617,5.722612032320001e-07
713,0.21116577963317365,5.725187540680001e-07
714,0.2106631186985672,5.72776304904e-07
715,0.21008715955288695,5.730338557400001e-07
716,0.20811405584641754,5.732914065760001e-07
717,0.20748541792486525,5.735489574120001e-07
718,0.20980785145758504,5.73806508248e-07
719,0.2082166220221215,5.740640590840002e-07
720,0.20748865718813378,5.743216099200001e-07
721,0.20835753896992362,5.74579160756e-07
722,0.20590373712563734,5.748367115920001e-07
723,0.20325914457561878,5.750942624280001e-07
724,0.2041767838724967,5.753518132640001e-07
725,0.20499032074069334,5.756093641e-07
726,0.20172262482582176,5.758669149360001e-07
727,0.2054143417219851,5.76124465772e-07
728,0.2088273693813645,5.763820166080001e-07
729,0.20962724278581557,5.76639567444e-07
730,0.20864327377517639,5.768971182800001e-07
731,0.20677295030087392,5.77154669116e-07
732,0.20834649563635982,5.774122199520001e-07
733,0.2073233318635881,5.776697707880001e-07
734,0.20317515659460123,5.779273216240001e-07
735,0.20133047295064524,5.781848724600001e-07
736,0.2039061528593753,5.784424232960001e-07
737,0.20510926230260396,5.786999741320001e-07
738,0.20579327435237357,5.789575249680001e-07
739,0.20930999917956786,5.79215075804e-07
740,0.20965375268674347,5.794726266400001e-07
741,0.2122168105659245,5.79730177476e-07
742,0.21368232745393778,5.79987728312e-07
743,0.21595144468731559,5.802452791480001e-07
744,0.21437054504134848,5.805028299840001e-07
745,0.21780527638199235,5.807603808200001e-07
746,0.22032862826619384,5.81017931656e-07
747,0.21881207446172452,5.812754824920001e-07
748,0.21986174437728603,5.815330333280001e-07
749,0.2243652980241226,5.817905841640001e-07
750,0.22705743867212885,5.82048135e-07
751,0.22559705772611227,5.823056858360001e-07
752,0.22553587191307423,5.82563236672e-07
753,0.22924845792149406,5.82820787508e-07
754,0.22697396407676068,5.83078338344e-07
755,0.2282132945575525,5.833358891800002e-07
756,0.22792399857068732,5.835934400160001e-07
757,0.22843356591957403,5.838509908520001e-07
758,0.23018413514235836,5.841085416880001e-07
759,0.23067293554492752,5.843660925240001e-07
760,0.22994093395838894,5.846236433600001e-07
761,0.22892272562129715,5.848811941960001e-07
762,0.22555061483525052,5.851387450320001e-07
763,0.22508773217171799,5.85396295868e-07
764,0.22308876004570713,5.85653846704e-07
765,0.2251264293581605,5.8591139754e-07
766,0.22847125665516949,5.86168948376e-07
767,0.22835025449733798,5.864264992120001e-07
768,0.2314321822921431,5.866840500480001e-07
769,0.2332799527462358,5.869416008840001e-07
770,0.23150661836750835,5.871991517200001e-07
771,0.23172025655926695,5.87456702556e-07
772,0.2285523935231085,5.877142533920001e-07
773,0.22665044713461266,5.87971804228e-07
774,0.2221955207654227,5.882293550640001e-07
775,0.20932273689433714,5.884869059e-07
776,0.19861108522294263,5.887444567360001e-07
777,0.19438175711328015,5.89002007572e-07
778,0.19397562893387363,5.892595584080001e-07
779,0.19620617169255675,5.895171092440001e-07
780,0.2006169854122805,5.897746600800001e-07
781,0.2115057308816479,5.900322109160001e-07
782,0.21673271677938818,5.902897617520001e-07
783,0.218967006014284,5.905473125880001e-07
784,0.2192080655671525,5.90804863424e-07
785,0.2178968459923387,5.9106241426e-07
786,0.21550893753380426,5.91319965096e-07
787,0.21249047472472224,5.915775159320001e-07
788,0.20870110193079064,5.91835066768e-07
789,0.21022747338396783,5.92092617604e-07
790,0.2155770189872952,5.923501684400001e-07
791,0.21758857332399995,5.926077192760001e-07
792,0.2174532989486696,5.92865270112e-07
793,0.22079291885242083,5.931228209480001e-07
794,0.2252495921738813,5.933803717840001e-07
795,0.22328213269732186,5.936379226200001e-07
796,0.21551133301171355,5.93895473456e-07
797,0.205640318873605,5.941530242920001e-07
798,0.2068299161783862,5.94410575128e-07
799,0.20829123076979636,5.946681259640001e-07
800,0.2139860774287092,5.949256768e-07
801,0.2159216890863425,5.951832276360002e-07
802,0.21401977457649998,5.954407784720001e-07
803,0.2171281324113799,5.956983293080001e-07
804,0.22174383116838572,5.959558801440001e-07
805,0.21952371162487344,5.9621343098e-07
806,0.21756539329757923,5.964709818160001e-07
807,0.21476479077236404,5.96728532652e-07
808,0.21585337237702687,5.969860834880001e-07
809,0.2167984883908445,5.97243634324e-07
810,0.21247118493419348,5.9750118516e-07
811,0.21381380323415555,5.97758735996e-07
812,0.21652823900892582,5.98016286832e-07
813,0.21722253626168672,5.982738376680001e-07
814,0.21179861446887216,5.985313885040001e-07
815,0.2141565806453532,5.987889393400001e-07
816,0.21529158610323026,5.990464901760001e-07
817,0.21581446703079998,5.99304041012e-07
818,0.21526522789700778,5.995615918480001e-07
819,0.21303411867352043,5.998191426840001e-07
820,0.21340173556070938,6.000766935200001e-07
821,0.21244864877708255,6.00334244356e-07
822,0.21380864559197194,6.005917951920001e-07
823,0.21230019430129013,6.00849346028e-07
824,0.21420202882208084,6.011068968640001e-07
825,0.21145509651284272,6.013644477000001e-07
826,0.20872167830304314,6.016219985360002e-07
827,0.2062277394807749,6.018795493720001e-07
828,0.20966924540535273,6.02137100208e-07
829,0.21183637370189576,6.023946510440001e-07
830,0.21590632234954973,6.0265220188e-07
831,0.21554656241527595,6.029097527160001e-07
832,0.21724481751363517,6.03167303552e-07
833,0.2208624520334757,6.034248543880001e-07
834,0.21853400518902205,6.03682405224e-07
835,0.2204916153870895,6.0393995606e-07
836,0.21939823871405137,6.041975068960001e-07
837,0.21821170319359529,6.044550577320001e-07
838,0.22168707292181594,6.047126085680001e-07
839,0.22040681907862453,6.049701594040001e-07
840,0.21998023918137874,6.052277102400001e-07
841,0.21900852070397997,6.054852610760001e-07
842,0.22059013857475981,6.05742811912e-07
843,0.22186888553403794,6.060003627480001e-07
844,0.21853830784215858,6.06257913584e-07
845,0.22127239013974456,6.065154644200001e-07
846,0.22232797815511438,6.06773015256e-07
847,0.22542303124364918,6.070305660920002e-07
848,0.22463558858719446,6.072881169280001e-07
849,0.22255575677316747,6.07545667764e-07
850,0.22247035927508374,6.078032186000001e-07
851,0.22371128836826215,6.080607694360001e-07
852,0.2237855998269254,6.083183202720001e-07
853,0.2247106786470904,6.08575871108e-07
854,0.22208393483754035,6.088334219440001e-07
855,0.22407720011992194,6.0909097278e-07
856,0.22554765128159565,6.09348523616e-07
857,0.22993001091643672,6.09606074452e-07
858,0.2241491791666513,6.098636252880002e-07
859,0.22322364882840348,6.101211761240001e-07
860,0.22395208357551977,6.103787269600001e-07
861,0.22723068569577856,6.106362777960001e-07
862,0.2303158155302522,6.108938286320001e-07
863,0.22999847848066343,6.111513794680001e-07
864,0.22970686078170907,6.114089303040001e-07
865,0.2299812441465685,6.116664811400001e-07
866,0.2256143832128358,6.119240319760001e-07
867,0.2270839868326382,6.12181582812e-07
868,0.2296985711713016,6.124391336480001e-07
869,0.22794212519638657,6.12696684484e-07
870,0.23017581482963012,6.129542353200002e-07
871,0.2289265230165151,6.132117861560001e-07
872,0.2257303190371574,6.134693369920001e-07
873,0.22519953068877346,6.137268878280001e-07
874,0.2269410318536687,6.13984438664e-07
875,0.23413692207718526,6.142419895000001e-07
876,0.23324543271452589,6.14499540336e-07
877,0.23561400513937655,6.147570911720001e-07
878,0.23563675961720282,6.15014642008e-07
879,0.23362581141743502,6.152721928440001e-07
880,0.23278723628150746,6.1552974368e-07
881,0.22761648359167902,6.15787294516e-07
882,0.22543819388041156,6.160448453520001e-07
883,0.22579562883687626,6.163023961880002e-07
884,0.2267641425808272,6.165599470240001e-07
885,0.23071608533149632,6.168174978600001e-07
886,0.2335553524706085,6.170750486960001e-07
887,0.2356602802238771,6.173325995320001e-07
888,0.23698282718844288,6.17590150368e-07
889,0.24092483923484867,6.178477012040001e-07
890,0.24223897170857198,6.181052520400001e-07
891,0.24089451508355908,6.183628028760001e-07
892,0.24106493266798273,6.18620353712e-07
893,0.23941091204100756,6.18877904548e-07
894,0.23932611649652316,6.191354553840001e-07
895,0.24054218794776727,6.193930062200001e-07
896,0.2424896969410401,6.196505570560001e-07
897,0.243532516371548,6.199081078920001e-07
898,0.24427719108129037,6.201656587280001e-07
899,0.2452171541031265,6.20423209564e-07
900,0.2457030611170487,6.206807604000001e-07
901,0.2428720302243877,6.20938311236e-07
902,0.23866593227779828,6.211958620720001e-07
903,0.23714133831171108,6.21453412908e-07
904,0.23944989505634492,6.217109637440001e-07
905,0.24104462168501636,6.219685145800001e-07
906,0.24109732756723298,6.222260654160001e-07
907,0.2409776362320765,6.224836162520001e-07
908,0.23725891189047185,6.227411670880001e-07
909,0.237996145929209,6.229987179240001e-07
910,0.23802293508788808,6.232562687600001e-07
911,0.24011493108713722,6.235138195960001e-07
912,0.24262552193945272,6.237713704320001e-07
913,0.2383184838973476,6.24028921268e-07
914,0.2351835827155598,6.24286472104e-07
915,0.23449619489200021,6.2454402294e-07
916,0.23637371225901413,6.24801573776e-07
917,0.23399158294468206,6.250591246120001e-07
918,0.23038033177247536,6.253166754480001e-07
919,0.23214359077474772,6.255742262840001e-07
920,0.2359998869541034,6.2583177712e-07
921,0.23878877901601778,6.260893279560001e-07
922,0.23930106989301375,6.263468787920001e-07
923,0.2439155931504772,6.266044296280001e-07
924,0.24866133544280322,6.26861980464e-07
925,0.24749475688211472,6.271195313000001e-07
926,0.22957864677302142,6.27377082136e-07
927,0.20918740507885997,6.27634632972e-07
928,0.2059379715066057,6.27892183808e-07
929,0.2167475108290848,6.281497346440002e-07
930,0.23240762345607877,6.284072854800001e-07
931,0.23296053941308795,6.286648363160001e-07
932,0.23235795144739735,6.289223871520001e-07
933,0.22889370212688373,6.291799379880001e-07
934,0.22690791697999677,6.294374888240001e-07
935,0.225498606875835,6.2969503966e-07
936,0.2256780650895635,6.299525904960001e-07
937,0.22928588363449517,6.30210141332e-07
938,0.2351143481610295,6.30467692168e-07
939,0.23780511847440064,6.30725243004e-07
940,0.23985558315097133,6.309827938400001e-07
941,0.23411758604783958,6.312403446760001e-07
942,0.22836898152956742,6.314978955120001e-07
943,0.22955925297558188,6.317554463480001e-07
944,0.23352671700672498,6.320129971840001e-07
945,0.2395156169577582,6.3227054802e-07
946,0.24308177047117724,6.325280988560001e-07
947,0.24425854146046455,6.32785649692e-07
948,0.24413021359410508,6.330432005280001e-07
949,0.24212757432027782,6.33300751364e-07
950,0.24266608731889122,6.335583022000001e-07
951,0.24592033599140345,6.33815853036e-07
952,0.2459020365508185,6.340734038720001e-07
953,0.2463007342577995,6.343309547080001e-07
954,0.24973614641486142,6.345885055440002e-07
955,0.2494904310408633,6.348460563800001e-07
956,0.2516174589913125,6.35103607216e-07
957,0.25118124069386244,6.353611580520001e-07
958,0.24784912280637378,6.35618708888e-07
959,0.24832042286812978,6.35876259724e-07
960,0.2506800547121526,6.3613381056e-07
961,0.2550121847762377,6.363913613960001e-07
962,0.25728289006804095,6.36648912232e-07
963,0.2570863285927379,6.369064630680001e-07
964,0.259542733684391,6.371640139040001e-07
965,0.26113042090707,6.374215647400001e-07
966,0.25978088092158963,6.376791155760001e-07
967,0.26177356513885164,6.379366664120001e-07
968,0.26314649398996587,6.381942172480001e-07
969,0.2627753909241137,6.384517680840001e-07
970,0.2647708402803704,6.3870931892e-07
971,0.2658817711365288,6.389668697560001e-07
972,0.26423146266104003,6.39224420592e-07
973,0.2626414930229314,6.394819714280001e-07
974,0.2592148562786441,6.39739522264e-07
975,0.26141336553929645,6.399970731000002e-07
976,0.2652930152746472,6.402546239360001e-07
977,0.26519680181586497,6.40512174772e-07
978,0.26039005293952494,6.407697256080001e-07
979,0.26318953212393903,6.41027276444e-07
980,0.26413353249004445,6.412848272800001e-07
981,0.26471683138171326,6.41542378116e-07
982,0.26416532246669355,6.417999289520001e-07
983,0.2639044749745009,6.42057479788e-07
984,0.26931781473398936,6.42315030624e-07
985,0.27230344036848725,6.4257258146e-07
986,0.2680647540865125,6.428301322960002e-07
987,0.26862108477586016,6.430876831320001e-07
988,0.2712897188321624,6.433452339680001e-07
989,0.2690568968398893,6.436027848040001e-07
990,0.2674846997557709,6.438603356400001e-07
991,0.2729113117331405,6.44117886476e-07
992,0.2769807755679221,6.443754373120001e-07
993,0.2706405074389827,6.446329881480001e-07
994,0.2722210596436104,6.448905389840001e-07
995,0.2685347981040731,6.4514808982e-07
996,0.2718804125514949,6.454056406560001e-07
997,0.2673840366973725,6.45663191492e-07
998,0.26361706011037284,6.45920742328e-07
999,0.26578078410818523,6.461782931640001e-07
1000,0.2666543701123976,6.464358440000002e-07
1001,0.26666370398424466,6.466933948360001e-07
1002,0.2636062088872122,6.46950945672e-07
1003,0.26077552460149045,6.472084965080001e-07
1004,0.2567051921815546,6.474660473440001e-07
1005,0.26152166582937025,6.4772359818e-07
1006,0.2560440990858407,6.47981149016e-07
1007,0.2621380159461905,6.482386998520001e-07
1008,0.2668398715240305,6.48496250688e-07
1009,0.2688287162592002,6.48753801524e-07
1010,0.26951809021331463,6.490113523600001e-07
1011,0.26013507822226317,6.492689031960002e-07
1012,0.2627705756656277,6.495264540320001e-07
1013,0.2755116987298922,6.497840048680001e-07
1014,0.2860434921212255,6.500415557040001e-07
1015,0.2901270853287875,6.502991065400001e-07
1016,0.29073889313690837,6.50556657376e-07
1017,0.2889293739045841,6.508142082120001e-07
1018,0.2807713189192189,6.510717590480001e-07
1019,0.2674534513127821,6.513293098840001e-07
1020,0.26237061854686194,6.5158686072e-07
1021,0.2706400019192754,6.518444115560002e-07
1022,0.2807703524008826,6.521019623920001e-07
1023,0.28493588705577005,6.52359513228e-07
1024,0.28702776913918665,6.526170640640001e-07
1025,0.28539575940997064,6.528746149000001e-07
1026,0.28200006763313906,6.531321657360001e-07
1027,0.2828264665997723,6.53389716572e-07
1028,0.28705788498569423,6.536472674080001e-07
1029,0.2853601896029916,6.53904818244e-07
1030,0.2785542641483331,6.5416236908e-07
1031,0.2725931249928424,6.54419919916e-07
1032,0.27242009262803263,6.546774707520002e-07
1033,0.27195135275675836,6.549350215880001e-07
1034,0.2680127796612122,6.551925724240001e-07
1035,0.26213813478530323,6.554501232600001e-07
1036,0.24700277869065562,6.557076740960001e-07
1037,0.22011629072162428,6.55965224932e-07
1038,0.2148935197460498,6.562227757680001e-07
1039,0.23809325819817573,6.564803266040001e-07
1040,0.2605332721604167,6.567378774400001e-07
1041,0.2656067783086281,6.56995428276e-07
1042,0.26920237978624206,6.572529791120001e-07
1043,0.27613694007989004,6.575105299480002e-07
1044,0.2812611037233761,6.57768080784e-07
1045,0.2815499569206018,6.580256316200001e-07
1046,0.27962837909200605,6.582831824560001e-07
1047,0.2808388581573494,6.585407332920001e-07
1048,0.281821085531496,6.58798284128e-07
1049,0.27965226030152907,6.590558349640001e-07
1050,0.2785853250980384,6.593133858000001e-07
1051,0.2907351430882957,6.595709366360001e-07
1052,0.29507282397317,6.59828487472e-07
1053,0.2970126809611439,6.600860383080001e-07
1054,0.29519421633431464,6.60343589144e-07
1055,0.29385369749850143,6.6060113998e-07
1056,0.29512161821204996,6.608586908160001e-07
1057,0.2971454759356449,6.611162416520002e-07
1058,0.30067505184687665,6.613737924880001e-07
1059,0.3027884980565265,6.616313433240001e-07
1060,0.3042577558878039,6.618888941600001e-07
1061,0.30046601050933797,6.621464449960001e-07
1062,0.30088224772357597,6.62403995832e-07
1063,0.3018065612117516,6.626615466680001e-07
1064,0.29789077930994423,6.629190975040001e-07
1065,0.2955550760175289,6.6317664834e-07
1066,0.29466615837857474,6.63434199176e-07
1067,0.3005130587571642,6.63691750012e-07
1068,0.2974384262509275,6.639493008480001e-07
1069,0.2993459604681264,6.64206851684e-07
1070,0.30257513826690213,6.644644025200001e-07
1071,0.3047399801169537,6.647219533560001e-07
1072,0.30711458961256444,6.649795041920001e-07
1073,0.30443128780410633,6.65237055028e-07
1074,0.30849855439017504,6.654946058640001e-07
1075,0.3058621022637724,6.657521567000001e-07
1076,0.3029770388223002,6.66009707536e-07
1077,0.30436607598495635,6.66267258372e-07
1078,0.30577532726738504,6.665248092080002e-07
1079,0.30740725707684063,6.667823600440001e-07
1080,0.3094631886463384,6.670399108800001e-07
1081,0.30869897118730655,6.672974617160001e-07
1082,0.30670111715733384,6.675550125520002e-07
1083,0.30527367270441436,6.678125633880001e-07
1084,0.3129936166135576,6.680701142240001e-07
1085,0.3126131798230035,6.683276650600001e-07
1086,0.31330841744552496,6.68585215896e-07
1087,0.3117864014849205,6.68842766732e-07
1088,0.3143146142260114,6.69100317568e-07
1089,0.3126268281696911,6.693578684040001e-07
1090,0.30664969984502016,6.6961541924e-07
1091,0.31081196791031623,6.698729700760001e-07
1092,0.3106492835878476,6.701305209120001e-07
1093,0.3133135111952681,6.703880717480001e-07
1094,0.3147697081949416,6.70645622584e-07
1095,0.31289355528092183,6.709031734200001e-07
1096,0.3079541541441529,6.711607242560001e-07
1097,0.3088446865636979,6.714182750920001e-07
1098,0.31058329946699936,6.71675825928e-07
1099,0.3115947675145199,6.719333767640001e-07
1100,0.31273976609510173,6.721909276e-07
1101,0.3167806202381458,6.72448478436e-07
1102,0.31584022554609686,6.727060292720001e-07
1103,0.3191094653108435,6.729635801080002e-07
1104,0.318662131078969,6.732211309440001e-07
1105,0.3168763190390586,6.734786817800001e-07
1106,0.3141893742400674,6.737362326160001e-07
1107,0.3197279642949977,6.739937834520002e-07
1108,0.31854633558143863,6.74251334288e-07
1109,0.31565121808483093,6.74508885124e-07
1110,0.3172674242852757,6.747664359600001e-07
1111,0.3170307989926453,6.75023986796e-07
1112,0.31887778410658785,6.75281537632e-07
1113,0.3194214357632296,6.75539088468e-07
1114,0.3244690913275133,6.757966393040002e-07
1115,0.324152976960067,6.760541901400001e-07
1116,0.3242070672176235,6.763117409760001e-07
1117,0.3237058780658525,6.765692918120001e-07
1118,0.3208038513371309,6.768268426480001e-07
1119,0.3241853277616607,6.77084393484e-07
1120,0.32556347587159384,6.773419443200001e-07
1121,0.32981218490492564,6.775994951560001e-07
1122,0.32907784063598017,6.778570459920001e-07
1123,0.32775653730100285,6.78114596828e-07
1124,0.32482110621117555,6.783721476640002e-07
1125,0.3329857847321175,6.786296985000001e-07
1126,0.3262136326509671,6.788872493360001e-07
1127,0.32771364452910934,6.791448001720001e-07
1128,0.3285732682947112,6.794023510080002e-07
1129,0.32813970095713646,6.796599018440001e-07
1130,0.3311351481550314,6.7991745268e-07
1131,0.32863167762959283,6.801750035160001e-07
1132,0.32886293558777946,6.80432554352e-07
1133,0.32791302031990477,6.80690105188e-07
1134,0.3339617481401398,6.80947656024e-07
1135,0.33129543342355805,6.812052068600001e-07
1136,0.33222520768656816,6.81462757696e-07
1137,0.33416890653016146,6.817203085320001e-07
1138,0.33036337406432764,6.819778593680001e-07
1139,0.330386466564492,6.822354102040002e-07
1140,0.33055443586505284,6.8249296104e-07
1141,0.3329984725001129,6.827505118760001e-07
1142,0.33269803842156626,6.830080627120001e-07
1143,0.3324262296327125,6.832656135480001e-07
1144,0.32550281635860834,6.83523164384e-07
1145,0.3359086628385961,6.837807152200001e-07
1146,0.3350217038605797,6.840382660560001e-07
1147,0.34092785480254995,6.842958168920001e-07
1148,0.34493773604238304,6.84553367728e-07
1149,0.34489589031319323,6.848109185640002e-07
1150,0.3407386840113371,6.850684694000001e-07
1151,0.33640003915808825,6.85326020236e-07
1152,0.3363471924836279,6.855835710720001e-07
1153,0.33700942451392435,6.858411219080001e-07
1154,0.3271078599832153,6.860986727440001e-07
1155,0.2588813933458545,6.8635622358e-07
1156,0.16770637851358236,6.866137744160001e-07
1157,0.1295144262663843,6.86871325252e-07
1158,0.14298942276630663,6.87128876088e-07
1159,0.17516187229267566,6.87386426924e-07
1160,0.22674697839138364,6.876439777600002e-07
1161,0.2678801109052615,6.879015285960001e-07
1162,0.25595973868913385,6.881590794320001e-07
1163,0.22356861079794568,6.884166302680001e-07
1164,0.2143298477702151,6.886741811040001e-07
1165,0.21828034512194427,6.8893173194e-07
1166,0.22398821750104228,6.891892827760001e-07
1167,0.2330353384737003,6.894468336120001e-07
1168,0.24259450699421328,6.897043844480001e-07
1169,0.24892758452315852,6.89961935284e-07
1170,0.25704219166748293,6.902194861200001e-07
1171,0.26414797500911597,6.90477036956e-07
1172,0.2744015827481656,6.90734587792e-07
1173,0.2768705202628337,6.909921386280001e-07
1174,0.28006369970974887,6.912496894640001e-07
1175,0.3053279535746219,6.915072403000001e-07
1176,0.30903182536163165,6.91764791136e-07
1177,0.3077408258454809,6.920223419720001e-07
1178,0.30691742389808324,6.922798928080001e-07
1179,0.30093962004909564,6.92537443644e-07
1180,0.3012484736856137,6.9279499448e-07
1181,0.3098977671268354,6.930525453160001e-07
1182,0.308336999995388,6.93310096152e-07
1183,0.29621448199568523,6.935676469880001e-07
1184,0.28273577086629753,6.938251978240001e-07
1185,0.2991281327691376,6.940827486600002e-07
1186,0.3057165622732029,6.943402994960001e-07
1187,0.30588815293584093,6.945978503320001e-07
1188,0.31573770812048746,6.948554011680001e-07
1189,0.31338803132883825,6.951129520040001e-07
1190,0.3032820773000006,6.9537050284e-07
1191,0.30447337266727265,6.956280536760001e-07
1192,0.31521229177929105,6.958856045120001e-07
1193,0.3340334005314678,6.961431553480001e-07
1194,0.342491922151637,6.96400706184e-07
1195,0.34353711722888364,6.966582570200001e-07
1196,0.34002556766040154,6.969158078560001e-07
1197,0.33615250739014385,6.97173358692e-07
1198,0.32956717483815773,6.974309095280001e-07
1199,0.3377232487607994,6.976884603640001e-07
1200,0.34003948853511456,6.979460112000001e-07
1201,0.3296102717077681,6.98203562036e-07
1202,0.3113866777905921,6.984611128720001e-07
1203,0.31100332069724834,6.98718663708e-07
1204,0.3144398946626478,6.98976214544e-07
1205,0.32330339093424826,6.9923376538e-07
1206,0.32560368015399876,6.994913162160002e-07
1207,0.32102879599893214,6.997488670520001e-07
1208,0.3109972760880714,7.000064178880001e-07
1209,0.30189114648020193,7.002639687240001e-07
1210,0.3179412447029198,7.005215195600002e-07
1211,0.3248579565876276,7.00779070396e-07
1212,0.31866589600806366,7.010366212320001e-07
1213,0.30997266655626565,7.012941720680001e-07
1214,0.32329406459988946,7.015517229040001e-07
1215,0.3206282002714574,7.0180927374e-07
1216,0.30870216311800375,7.02066824576e-07
1217,0.3033064261621155,7.023243754120002e-07
1218,0.32679348627872057,7.025819262480001e-07
1219,0.34800319253450146,7.028394770840001e-07
1220,0.34164712031105504,7.030970279200001e-07
1221,0.3236194993662276,7.033545787560001e-07
1222,0.3215827539908038,7.03612129592e-07
1223,0.34213115431397934,7.038696804280001e-07
1224,0.3494866552268371,7.041272312640001e-07
1225,0.34497284866520767,7.043847821000001e-07
1226,0.3328983044690961,7.04642332936e-07
1227,0.32751569664654545,7.048998837720001e-07
1228,0.33704431357689807,7.05157434608e-07
1229,0.3377493685860965,7.05414985444e-07
1230,0.3363259171961268,7.056725362800001e-07
1231,0.3375352019751768,7.059300871160002e-07
1232,0.3394720579953352,7.061876379520001e-07
1233,0.34273141823106745,7.064451887880001e-07
1234,0.35454937813156645,7.067027396240001e-07
1235,0.3479702211684785,7.069602904600001e-07
1236,0.3418615619166446,7.07217841296e-07
1237,0.339092249156688,7.07475392132e-07
1238,0.3450095110553331,7.077329429680001e-07
1239,0.34964364995100244,7.07990493804e-07
1240,0.34212189531059595,7.0824804464e-07
1241,0.34532026955839834,7.085055954760001e-07
1242,0.3475037769329349,7.087631463120002e-07
1243,0.34818456377374357,7.09020697148e-07
1244,0.34716646552261765,7.092782479840001e-07
1245,0.3463414513062774,7.095357988200001e-07
1246,0.34686402289434753,7.097933496560001e-07
1247,0.3470654745371398,7.10050900492e-07
1248,0.3493902318732486,7.103084513280001e-07
1249,0.35039624303560296,7.105660021640001e-07
1250,0.35273517561052015,7.108235530000001e-07
1251,0.35248354861094894,7.11081103836e-07
1252,0.3496675642727662,7.113386546720002e-07
1253,0.349948891552867,7.115962055080001e-07
1254,0.350069012829753,7.118537563440001e-07
1255,0.3554232209851454,7.121113071800001e-07
1256,0.340648340864597,7.123688580160002e-07
1257,0.33712151081590624,7.126264088520001e-07
1258,0.3442867960581909,7.12883959688e-07
1259,0.3511642544790102,7.131415105240001e-07
1260,0.34853709195059557,7.1339906136e-07
1261,0.34916695343493764,7.13656612196e-07
1262,0.34603985605160936,7.13914163032e-07
1263,0.33665751822312245,7.141717138680002e-07
1264,0.3265560621084497,7.144292647040001e-07
1265,0.33394017732047887,7.146868155400001e-07
1266,0.34035227457492745,7.149443663760001e-07
1267,0.3411409883759102,7.152019172120001e-07
1268,0.3463151629593438,7.15459468048e-07
1269,0.34279759434032253,7.157170188840001e-07
1270,0.31585480389573867,7.159745697200001e-07
1271,0.29411460040602133,7.162321205560001e-07
1272,0.27536194185109597,7.16489671392e-07
1273,0.2525681802550891,7.167472222280001e-07
1274,0.2507401050436816,7.170047730640001e-07
1275,0.2686572043292965,7.172623239e-07
1276,0.2835907611629861,7.175198747360001e-07
1277,0.26861329150499397,7.177774255720002e-07
1278,0.23405494647947125,7.180349764080001e-07
1279,0.24083416556930726,7.18292527244e-07
1280,0.2649710706597169,7.185500780800001e-07
1281,0.2370886331133673,7.188076289160001e-07
1282,0.24899007647863897,7.19065179752e-07
1283,0.24613391985950459,7.19322730588e-07
1284,0.2282485088398478,7.195802814240001e-07
1285,0.23113538795953187,7.1983783226e-07
1286,0.24282762821855805,7.20095383096e-07
1287,0.2742405136988857,7.203529339320001e-07
1288,0.3106708462873777,7.206104847680002e-07
1289,0.32822517124215844,7.208680356040001e-07
1290,0.313209592079194,7.211255864400001e-07
1291,0.3222587205561048,7.213831372760001e-07
1292,0.33035497410405035,7.216406881120001e-07
1293,0.3284434184792535,7.21898238948e-07
1294,0.33067516781955064,7.221557897840001e-07
1295,0.3185384211900461,7.224133406200001e-07
1296,0.2805021396146812,7.226708914560001e-07
1297,0.24300839177685105,7.22928442292e-07
1298,0.27832639253193664,7.231859931280002e-07
1299,0.2771194625215408,7.234435439640001e-07
1300,0.26279881278781786,7.237010948e-07
1301,0.2771893024721629,7.239586456360001e-07
1302,0.28648733341697674,7.242161964720001e-07
1303,0.27096747544601196,7.244737473080001e-07
1304,0.24744596464715185,7.24731298144e-07
1305,0.27639083971390166,7.249888489800001e-07
1306,0.29304072408178816,7.25246399816e-07
1307,0.27308015116100254,7.25503950652e-07
1308,0.25136125692612526,7.25761501488e-07
1309,0.27492518174217345,7.260190523240001e-07
1310,0.3115290152847798,7.2627660316e-07
1311,0.29878136837338126,7.265341539960001e-07
1312,0.26286219437117664,7.267917048320001e-07
1313,0.22188395918127418,7.270492556680002e-07
1314,0.2465584910138627,7.27306806504e-07
1315,0.30137679134732814,7.275643573400001e-07
1316,0.3176435068016958,7.278219081760001e-07
1317,0.2959239932869102,7.280794590120001e-07
1318,0.2458120930894998,7.28337009848e-07
1319,0.23780712933834824,7.285945606840001e-07
1320,0.27030053105842616,7.288521115200001e-07
1321,0.3062677841357167,7.291096623560002e-07
1322,0.29722029051590493,7.293672131920001e-07
1323,0.2643049791764527,7.296247640280001e-07
1324,0.27246876618766563,7.298823148640001e-07
1325,0.2921596445278279,7.301398657e-07
1326,0.2716358734840786,7.303974165360001e-07
1327,0.2701987476316128,7.306549673720001e-07
1328,0.28208542030293565,7.309125182080001e-07
1329,0.2758469727280093,7.31170069044e-07
1330,0.30623269792431757,7.314276198800001e-07
1331,0.3248008974258495,7.31685170716e-07
1332,0.3226715794002041,7.31942721552e-07
1333,0.3179511600635918,7.32200272388e-07
1334,0.3122977881610179,7.324578232240002e-07
1335,0.3174382996809575,7.327153740600001e-07
1336,0.32747587295960356,7.329729248960001e-07
1337,0.34618330752148063,7.332304757320001e-07
1338,0.34555574263481126,7.334880265680001e-07
1339,0.326236672557542,7.33745577404e-07
1340,0.32053854487829575,7.340031282400001e-07
1341,0.3161600960444792,7.342606790760001e-07
1342,0.3268043633117106,7.345182299120001e-07
1343,0.3298031962651365,7.34775780748e-07
1344,0.32498826340563486,7.35033331584e-07
1345,0.32133138743888573,7.352908824200002e-07
1346,0.31855589319582966,7.35548433256e-07
1347,0.31907712044195813,7.358059840920001e-07
1348,0.3217354058560506,7.360635349280001e-07
1349,0.3230184429895254,7.363210857640001e-07
1350,0.33106850589285264,7.365786366e-07
1351,0.33948179285610686,7.368361874360001e-07
1352,0.3353136865575994,7.370937382720001e-07
1353,0.33572731835803016,7.373512891080001e-07
1354,0.325212711267813,7.37608839944e-07
1355,0.325610211153017,7.378663907800001e-07
1356,0.3272901995298674,7.38123941616e-07
1357,0.3275481489269098,7.383814924520001e-07
1358,0.32712057454151844,7.386390432880001e-07
1359,0.3331655185638157,7.388965941240002e-07
1360,0.3347018145296585,7.391541449600001e-07
1361,0.34026900713993674,7.394116957960001e-07
1362,0.341448692758167,7.396692466320001e-07
1363,0.337424583248016,7.399267974680001e-07
1364,0.33446705195317505,7.40184348304e-07
1365,0.33524574669874757,7.4044189914e-07
1366,0.3336213611124017,7.406994499760001e-07
1367,0.3365478160655565,7.40957000812e-07
1368,0.34189987975154607,7.412145516480001e-07
1369,0.334313271844087,7.414721024840001e-07
1370,0.3382837967128686,7.417296533200001e-07
1371,0.3447222272378088,7.41987204156e-07
1372,0.3469039796884614,7.422447549920001e-07
1373,0.35201266671159503,7.425023058280001e-07
1374,0.3542868409079342,7.427598566640001e-07
1375,0.34781870047488994,7.430174075e-07
1376,0.34808871972357525,7.432749583360001e-07
1377,0.33808435956813015,7.435325091720001e-07
1378,0.3341841736099612,7.43790060008e-07
1379,0.34050321886645846,7.44047610844e-07
1380,0.3498809832676224,7.443051616800002e-07
1381,0.3462377066806297,7.445627125160001e-07
1382,0.3436169453973071,7.448202633520001e-07
1383,0.34853072350588626,7.450778141880001e-07
1384,0.3347484856497054,7.453353650240002e-07
1385,0.33840589863777976,7.455929158600001e-07
1386,0.3433930945619105,7.45850466696e-07
1387,0.34473780229132306,7.461080175320001e-07
1388,0.341955559750351,7.46365568368e-07
1389,0.3372441835030941,7.46623119204e-07
1390,0.9934222913179835,7.4688067004e-07
